epichacker69,INMATE,OFFICER
simonsejse,INMATE,OFFICER
frederikmumu,INMATE,OFFICER
plumbuks,INMATE,OFFICER
ramlov,INMATE,OFFICER
KristianMortense,INMATE,OFFICER
Monty55555,INMATE,OFFICER
_Jonathan,INMATE,OFFICER
laz11556,INMATE,OFFICER
laukage,INMATE,OFFICER
VirtualGamez,INMATE,OFFICER
TheGamerCharlie,INMATE,DIRECTOR
Lappedykker764,INMATE,INSPECTOR
thoby1902,INMATE,OFFICER
SkerDerKarl,INMATE,OFFICER
uffe,INMATE,OFFICER
gekkoo,INMATE,DIRECTOR
Djetter,INMATE,OFFICER
Nikosej1901,INMATE,INSPECTOR
Nutla,INMATE,OFFICER
vercinger,INMATE,OFFICER
mrgametop1,INMATE,VICE_INSPECTOR
Jytte_,INMATE,OFFICER
Pyromaniacdk,INMATE,OFFICER
wind_dk,INMATE,DIRECTOR
Svik_dk,INMATE,OFFICER
antonmikkelsen12,INMATE,VICE_INSPECTOR
littleline,INMATE,OFFICER
Cytom,INMATE,OFFICER
_Rallz,INMATE,OFFICER
ZenZlap,INMATE,OFFICER
Jonavsen,INMATE,OFFICER
DanielPSGamer,INMATE,OFFICER
Oklarskov,INMATE,OFFICER
Viggo2702,INMATE,INSPECTOR
KappaFick,INMATE,OFFICER
Vict6689,INMATE,OFFICER
jonas_meisler,INMATE,OFFICER
RashBee,INMATE,OFFICER
kandels,INMATE,OFFICER
Darchie,INMATE,OFFICER
TheGirl_Isa,INMATE,INSPECTOR
Ssupera,INMATE,OFFICER
jgh2003,INMATE,OFFICER
Rice2TheBeef,GUARD,OFFICER
nic12365,INMATE,OFFICER
helenamaria,OFFICER,DIRECTOR
KakaoKongen,INMATE,OFFICER
Labarca,INMATE,OFFICER
EliteGamer17,INMATE,OFFICER
SnickersSjov,INMATE,OFFICER
Asbjorn2003,OFFICER,OFFICER
luffegamerv4,GUARD,OFFICER
Svambz,GUARD,OFFICER
DD_Was_Taken,OFFICER,OFFICER
Treblaaa,GUARD,OFFICER
Slyqnn,OFFICER,OFFICER
Lucas_AS,DIRECTOR,DIRECTOR
Scot_,INMATE,INSPECTOR
Zeqniix,OFFICER,OFFICER
EasyPeazy_,DIRECTOR,DIRECTOR
zM4rkus,OFFICER,OFFICER
Cubraa,OFFICER,OFFICER
Valentaion,OFFICER,OFFICER
Sykopingvin,OFFICER,OFFICER
Sw1chhh,OFFICER,OFFICER
